{
    "num_partitions": 1,
    "random_state": 42,
    "num_trials": 10,
    "fit_time": 72.3228497505188,
    "score": 0.8574931283484742
}