{
    "num_partitions": 6,
    "random_state": 42,
    "num_trials": 10,
    "fit_time": 5240.1778864860535,
    "score": 0.8435796179848882
}