{
    "num_partitions": 1,
    "random_state": 42,
    "num_trials": 10,
    "fit_time": 88.06669235229492,
    "score": 0.8222396925227115
}