pumped_proba,effluxed_proba
0.6588799095918118,0.5649967083900572
0.5115948077564639,0.3982425116042585
0.08533860564008301,0.4604523422888218
