{
    "num_partitions": 1,
    "random_state": 42,
    "num_trials": 10,
    "fit_time": 120.29335355758667,
    "score": 0.8406210012210013
}